[
  {
    "businessPhones": [
      "+17342543037"
    ],
    "displayName": "Anish Samuel",
    "givenName": "Anish",
    "jobTitle": "Information Systems Consultant",
    "mail": "anish.samuel-ext@adient.com",
    "mobilePhone": null,
    "officeLocation": "Plymouth COE",
    "preferredLanguage": null,
    "surname": "Samuel",
    "userPrincipalName": "asamuea6@adient.com"
  },
  {
    "businessPhones": [
      "+17342543037"
    ],
    "displayName": "Anish Bansal",
    "givenName": "Anish",
    "jobTitle": "Information Systems Consultant",
    "mail": "anish.samuel-ext@adient.com",
    "mobilePhone": null,
    "officeLocation": "Plymouth COE",
    "preferredLanguage": null,
    "surname": "Bansal",
    "userPrincipalName": "asamb@adient.com"
  },
  {
    "businessPhones": [
      "+17342543037"
    ],
    "displayName": "Anish George",
    "givenName": "Anish",
    "jobTitle": "Information Systems Consultant",
    "mail": "anish.samuel-ext@adient.com",
    "mobilePhone": null,
    "officeLocation": "Plymouth COE",
    "preferredLanguage": null,
    "surname": "George",
    "userPrincipalName": "anishg@adient.com"
  },
  {
    "businessPhones": [
      "+17342543037"
    ],
    "displayName": "Anish T",
    "givenName": "Anish",
    "jobTitle": "Information Systems Consultant",
    "mail": "anish.samuel-ext@adient.com",
    "mobilePhone": null,
    "officeLocation": "Plymouth COE",
    "preferredLanguage": null,
    "surname": "T",
    "userPrincipalName": "aanisht1@adient.com"
  },
  {
    "businessPhones": [
      "+17342543037"
    ],
    "displayName": "Anish S",
    "givenName": "Anish",
    "jobTitle": "Information Systems Consultant",
    "mail": "anish.samuel-ext@adient.com",
    "mobilePhone": null,
    "officeLocation": "Plymouth COE",
    "preferredLanguage": null,
    "surname": "S",
    "userPrincipalName": "anishas1@adient.com"
  },
  {
    "businessPhones": [
      "+17342543037"
    ],
    "displayName": "Anish Q",
    "givenName": "Anish",
    "jobTitle": "Information Systems Consultant",
    "mail": "anish.samuel-ext@adient.com",
    "mobilePhone": null,
    "officeLocation": "Plymouth COE",
    "preferredLanguage": null,
    "surname": "Q",
    "userPrincipalName": "aqanish1@adient.com"
  }
]
